"","h_1","h_2","h_3","h_4","h_5","h_6","h_7","theta_2","theta_3","theta_4","theta_5","theta_6","theta_7","cos_phi_2","cos_phi_3","cos_phi_4","cos_phi_5","cos_phi_6","cos_phi_7","B_r_1","B_r_2","B_r_3","B_r_4","B_r_5","B_r_6","B_R_1","B_R_2","B_R_3","B_R_4","B_R_5","B_R_6","inst_Phi_1","inst_Phi_2","inst_Phi_3","inst_Phi_4","inst_Phi_5","inst_Phi_6","inst_Theta_1","inst_Theta_2","inst_Theta_3","inst_Theta_4","inst_Theta_5","inst_Theta_6"
"humancingidm16porta1secc1somacel1",1.15556108544957,3.32150566381121,3.65530264982216,3.86935998961332,3.91049272912562,3.54570934187095,1.86657714799436,-1.8617077930241,1.50265234957677,1.78569483513338,0.499584574209881,-1.38088402380471,-1.79989742262974,-0.978011606668733,-0.972723155642106,-0.990236063169746,-0.995532894374033,-0.971500593859748,-0.994469847235288,3.33358176552936,5.10360583992017,5.62805376249686,5.31551527964041,4.75308751354005,3.3196142709505,3.47815101242624,5.48903734849018,6.63377613936755,6.69530898206268,5.29372454808289,3.84920168624483,0.57371027587697,-2.97573008917542,-2.98521540393582,-3.05831646353227,-2.82998269390288,-2.48458442343425,1.56128222427946,1.48292068361556,1.47509190735509,1.46440078076462,1.4470854900329,1.40526487270581
"humancingidm16porta1secc1somacel10",0.437626548579964,2.37648916353641,2.96587555662044,3.20883690478148,3.36922805504761,2.93918730304973,2.3787969297295,2.23637721617823,1.37413285495325,-1.24031383928065,0.265779154159612,0.0887117105370366,-0.314299370351199,-0.806642485124191,-0.98688396146436,-0.998489794218475,-0.967050839680929,-0.95856448469591,-0.878789310752696,2.95115463519235,5.21687085108832,6.5221390032146,6.31074215056914,5.38516510679919,3.25402293741308,3.25702571553198,5.67651289640074,7.39075522655791,8.63333766794921,8.70376519004426,5.96134240958824,-0.2715715520326,-0.499016089023786,-0.468616458855844,-0.464097519380848,-0.434287490128678,-0.604220750585503,1.10455340929753,1.06026872812302,1.02442213315025,1.0177804229072,1.04003134275572,1.01980927133055
"humancingidm16porta1secc1somacel11",0.18059064506058,3.35383738916876,3.62219762723627,3.95052314756892,4.11127981373645,3.54400907110149,2.65804840594118,1.63584938437185,2.42354953896771,0.0523822064805832,-0.468940120385411,1.99535133012525,2.76603493690037,-0.905682454230172,-0.996453048531473,-0.994382091418988,-0.953188169428631,-0.97991687319002,-0.776840310478132,3.90716309177863,6.11015438042934,7.47724545943692,7.37390658337645,6.05672870012072,4.01765066116865,4.08185245117914,6.55554551415003,8.84641960911932,10.4091480269901,10.0770592801632,5.91322605375838,-0.336719631819047,-0.172686453233001,-0.187873025315757,-0.163500248496379,-0.186229554257287,-0.547438339265548,1.10947865910545,1.12893069550998,1.11497695676985,1.10945670770877,1.11337632795673,1.1043961622879
"humancingidm16porta1secc1somacel12",1.33944530720649,3.647230872521,3.80537810980484,4.25562227752188,4.18405709601667,3.95935561737993,3.21250566764291,1.38815716109256,0.847576262757513,-2.50365277923771,0.804721484369191,1.51122054658586,1.5696278887235,-0.925594586546379,-0.997958296556334,-0.9412722038404,-0.989217498307538,-0.991258855982835,-0.82358288141419,3.4876917544035,5.15291393657466,6.26598220518067,6.66601184591037,6.07111819750437,4.29622915100711,3.75970858269388,6.39669103163967,8.51140006839934,9.45953061988582,9.21551783400045,6.88614273606432,-0.288666679748357,0.0278354792477482,0.140634825312907,0.105239903545995,0.0495901154113383,0.109688119854904,1.410322103592,1.32210674226672,1.25938402689263,1.29145129054726,1.28074611122119,1.29508351528797
"humancingidm16porta1secc1somacel15",2.34377264522592,3.26186376783474,3.557647484416,3.50925787651872,4.0338625077519,3.76353719580978,3.37012124486018,1.60611374052448,0.494245811902581,-1.97257602092904,2.36583933859558,-1.48308729732806,-1.8138734072025,-0.975692408267535,-0.976994704971088,-0.970266284616492,-0.962733091129123,-0.988483554753554,-0.985881219288744,2.43954081020282,3.82569692687141,5.2911592353599,5.55079113681391,4.79103050190639,3.15925639673362,3.06431032777911,5.84971386540683,7.84624681093414,9.9779322623472,9.69895821315366,7.69218237403917,-1.06240688695867,-0.665384237230423,-0.14817440477332,0.14285349083492,0.000578102184402775,0.101263804907913,1.42357952379369,1.4271871644107,1.39620086887184,1.42026812926217,1.39888665496785,1.36661164721618
"humancingidm16porta1secc1somacel17",3.36107997608563,4.74958041200334,4.39906234816124,4.73219649292655,4.99017024048595,5.04834446685048,7.87994001676539,1.93544782752146,-0.428705554776047,-1.28972534400882,1.74017236273498,2.23995346157324,1.58241027833157,-0.979276370673345,-0.99128535571913,-0.950116480270266,-0.924859050757334,-0.947580251070817,-0.76081812453087,2.44220092419499,3.50892757264792,4.96005150865294,6.44291833063881,5.54314937835569,3.51415724167657,3.89115059363758,6.28311923231093,9.23157191222995,11.2662504604485,12.6455677292189,10.8840049916675,-0.522844385986996,-0.323322994596202,-0.381054191078571,-0.353001809998114,0.327862305853375,1.40665768671107,1.44080932459709,1.39762139469383,1.4167627184906,1.5019191768911,1.491779562483,1.30009753227155
"humancingidm16porta1secc1somacel2",1.92390360185548,3.0777399631364,3.74169080666358,3.83146444370635,3.83640360408786,3.60477190224572,3.13925828973325,2.82521540562142,1.09680291768953,0.212993311057274,-1.49451400982811,0.768144572382829,-1.41735511999947,-0.929577546631638,-0.97460623931112,-0.982146722459027,-0.990157645906001,-0.968851495821731,-0.956653740886605,2.79832713650841,4.08786778996743,5.11771329543671,5.64022131822,4.70183014820611,2.95577359752378,3.25807237808577,5.75371586257214,6.69117457049146,6.43045507450014,6.31848840783337,4.98814445266144,-1.80125220925359,-1.50089486728735,-1.34071361649216,-1.22548736592922,-1.44892710568408,-1.72676388414706,1.49671383517972,1.37559862560056,1.3739100002134,1.38212411780734,1.36921880566308,1.32111089284265
"humancingidm16porta1secc1somacel3",2.40378022063944,2.43275505062257,3.570320373278,3.55327449865603,3.51078322289052,3.19653981270595,1.70362696123299,1.73157933644042,-1.25148741897106,0.0990058185263266,3.05966159171735,-0.139011574938016,2.18187219584291,-0.860724171178941,-0.890816115376825,-0.989444821361016,-0.971111880998223,-0.986389945045078,-0.927521805374779,2.05976557902789,4.2775005204057,4.93601289217265,5.31976739829784,5.13362713167429,3.26764118379265,2.2535530909511,4.89889686534288,5.7022325258078,6.2757646426668,5.65775917813606,4.01998427423275,-0.129418488318416,-0.153330782578923,-0.198891920505415,-0.149364082200599,-0.0669526561827609,-0.349679606386221,1.45671644314196,1.20109710524858,1.26839563429001,1.30867104821009,1.30294570200656,1.20613124470909
"humancingidm16porta1secc1somacel5",1.69952801804088,3.22937268411921,3.29439692886437,3.71792925719896,3.5960564623435,3.47685133105361,3.60891446676881,1.59143236367907,0.944255332390809,0.894287118599311,-2.92793860948935,0.381005220997106,-2.68279530106273,-0.929751414224791,-0.990326935767853,-0.988717581329814,-0.954215014272172,-0.927865167060987,-0.53573769191036,2.63971267679573,4.21509368216297,4.98079385025285,5.27171109601894,4.46363389614667,2.60190161602583,3.05542655983274,4.96383969007029,6.87281361624775,7.54580063639097,6.38093472435033,5.12482735418032,-0.330600691973542,-0.10426192346223,-0.0336514876801658,0.0446281393614292,0.176447403269852,-0.00922270268573517,1.43863071718188,1.29854300760659,1.24121508522567,1.18793779741766,1.20632718382032,1.19245402542837
"humancingidm16porta1secc1somacel6",1.26779332012464,2.8123457915024,3.28343885402263,3.57875119416963,3.33862751466524,3.17451168763586,1.62361720771956,2.16517097466761,1.49590148005415,-0.349703675133259,-2.86868146795389,-3.03762877838908,0.961542028028532,-0.925040686659986,-0.928754644313124,-0.937434194802351,-0.96508082083306,-0.967788510491103,-0.808445248144262,2.78982707301662,4.54759277301929,5.6325635387051,5.75932090875139,4.67712309377013,3.59972690216313,2.94749705281758,5.16791397974788,6.58060120621126,6.73774436608859,5.8604265072777,4.07129863245667,-0.0838742776494945,-0.343655340518593,-0.294559518422704,-0.268680469830755,-0.280516183638634,-0.188742270316449,1.28037412198403,1.26327771059505,1.17644635579485,1.16735129980454,1.15389642452024,1.12604970122879
"humancingidm16porta1secc1somacel9",0.552216669712362,2.76639586931974,3.1082124873432,3.26238099088648,3.469439213443,2.63727231214422,1.91069654127666,-1.56838807975597,2.60185305470744,1.68419044765289,-2.66585730047721,0.818552453040766,0.18490761503555,-0.997384361657464,-0.997361931579333,-0.996744890408102,-0.964870110709456,-0.867242404383104,-0.880809141313387,3.25984998505638,5.16065361087327,6.4192800158527,6.74468322042933,5.57593974691353,3.23445308683201,3.40514901140842,5.64817936259579,7.40140577638074,8.85241163413773,9.67992778862524,6.49116358651476,-1.08003325461702,-0.9253539769609,-1.30848215563034,-1.27989371087053,-1.88599680622821,-2.72955310941096,1.41340786475631,1.51917260388731,1.52937817356886,1.5324982207884,1.52959744798784,1.38207154870192
"humancingidm16porta1secc2somacel1",0.0822365967320512,3.13176560703717,3.3984149693751,3.56545789641131,3.5149949063747,3.02584512834463,1.87949860359248,1.65296999236737,1.88256995807874,0.52208351759604,0.754116380752157,-1.3520194821097,1.6825834301934,-0.811473733875567,-0.994920483219653,-0.997852587700495,-0.990350396822044,-0.979908564830733,-0.612420485508312,3.27253810060973,5.27111046770429,6.39552377949431,6.51641014967004,5.60669460028106,3.50705413441782,3.48040710588095,5.76701915786658,7.34564477510144,8.49272387386381,7.88840680439842,5.87056190304578,-0.0103303337182167,-0.00239989325596773,-0.0168861544942824,-0.00312681490125869,-0.074750590554415,-0.164852012744783,0.84043185352981,0.915152516419877,0.892289187049735,0.911183979906345,0.903900171824421,0.925398696220056
"humancingidm16porta1secc2somacel10",2.5586922868871,3.65055807944522,3.54113975750357,3.92553293917483,3.87028359739842,3.92719816368056,2.65899134614213,1.04904153924002,0.875700152144902,2.21734554173797,-1.93523031910082,-1.31104300981751,1.45333552106162,-0.963920251432393,-0.999195498822597,-0.962295680181545,-0.986754654468483,-0.973393023065601,-0.861416177339257,2.10853265059896,3.28377946727225,4.76206163004755,4.82858148353119,4.48144277132827,2.96958839088045,3.09700366238387,5.06852561458651,6.784804028132,8.25990949628036,9.02913129666109,8.7424077564233,-0.214047889992307,0.478372423322443,0.558762028321128,0.567352073118648,0.614963146771576,1.00312638017489,1.45970290455898,1.40878997495713,1.35578385350922,1.33978757662738,1.37231767574824,1.43063614691648
"humancingidm16porta1secc2somacel11",1.52930849136778,3.38483240601285,3.51455022244532,3.56423134499911,4.00812818809527,3.45921089485778,2.18921314129888,1.30351269713183,2.56514730159226,2.34977167438797,1.95525405927619,-0.591068737275327,1.61314143053931,-0.958736463354358,-0.998648425432665,-0.991926594309071,-0.973082128450736,-0.933568394377057,-0.841223798193465,2.95265391686447,4.17686949121852,5.20890589684487,6.17707663572921,5.73895826228992,3.58795957813823,3.24256303229642,5.4605313351627,7.21359655710515,8.12279279978896,7.87970813117174,7.22719216501253,0.236093973058075,0.250404280253654,0.266171523872836,0.245915286564698,0.226224851703982,0.118154085551326,1.39504826005041,1.34013496730627,1.30545750672295,1.30639419090989,1.2820102763687,1.29193183690937
"humancingidm16porta1secc2somacel12",1.60469841142204,2.74109537088947,2.90411828813274,2.96821797197497,3.25731338423368,3.09981685242932,2.64458531774925,1.74476254445964,0.489033716317157,-1.7658537209096,3.0960793660015,-1.01631407663444,-2.05161063894699,-0.969442873425137,-0.984547133549359,-0.996803116624557,-0.981984710947867,-0.983362593097998,-0.955631306061828,2.34467250981527,3.41039742639162,4.06572970795929,4.29027936653898,4.09539445737477,2.57029392021184,2.73908452079751,4.7992338481205,6.75799637180213,8.52975426972681,9.2747099641993,8.0084890707922,0.755203147296841,0.441973450500615,0.614833403429404,0.715095215180491,0.609530006269306,0.294761989110958,1.41314872808615,1.43530003258013,1.37397311254735,1.35788694663601,1.35820788576047,1.33367994768792
"humancingidm16porta1secc2somacel15",1.25788316875714,2.49405002355188,2.69587295025481,3.05040113931232,3.25031230634306,2.92591469984325,2.42946426167496,-2.98290851040811,0.880824603226457,1.09215584862881,1.89416569674219,-1.3598936871437,2.18047941508717,-0.988479848972899,-0.978865128078429,-0.996432827405545,-0.99504476700215,-0.974196726048663,-0.998668264669431,2.39663407168319,3.77730058852053,4.58690215695701,4.85127162906412,4.49587391654049,2.52892363942997,2.72028202671574,5.12759085615398,7.03077109352885,8.66515322945109,9.47870707940246,8.91041967828613,0.523368518529356,-2.21033026331457,-0.332654034838247,0.390088534683656,0.320429426414835,-0.106984064642508,1.38190265473696,1.55282534967346,1.49948341869991,1.49299718937863,1.45280460282243,1.43823764894939
"humancingidm16porta1secc2somacel2",2.60396218719249,4.07719853257022,4.49581940422748,4.68920094845733,4.66319635716535,4.26583873589455,2.63826457913098,-0.186055597674371,1.83806037555446,2.24751718074213,-1.62389843770219,-2.36385407326812,-1.20243425096353,-0.981625640288052,-0.921846408490063,-0.999836511730852,-0.998981333440121,-0.985548003325602,-0.973916056750727,3.29354286608745,5.07088898452342,6.29504410855776,6.07577808079579,5.51050129411726,3.60587289664209,3.73398320724539,5.91827377867617,7.29271461138734,7.5979833237314,7.1962241788318,5.64954945366479,1.85467646904135,1.86706219080196,1.0848312410276,1.11545054553652,1.37548772791448,1.75397790906295,1.50791847380031,1.44982862971262,1.46890673886838,1.47262827050268,1.4692203254077,1.43353577434987
"humancingidm16porta1secc2somacel3",2.14341179035692,3.24805645313069,3.34563964340692,3.86885145995239,4.06308508870065,3.55249629786736,3.38260051964675,0.87977232169078,1.85351820299964,1.51048983230795,-2.53967882640771,0.775702032621075,2.23559416112244,-0.999758671184849,-0.984111114982317,-0.971419245462217,-0.992136614567697,-0.966550327066078,-0.999601549490057,2.71584710985679,4.90741835020083,6.34114401659906,6.08335148196402,5.64069616941314,3.3502061291864,2.98919823758845,5.54135904860853,8.18449867356744,10.1101162612898,8.47592753602876,4.99722751677377,0.146079863172515,0.414732331590308,0.373282678870279,0.409491094261304,0.450174058664198,-0.696651787271015,1.45316434157677,1.48203963455736,1.44367398109992,1.40925157617013,1.4138902156776,1.53888561575295
"humancingidm16porta1secc2somacel4",1.3521849110499,2.06396223456909,2.67742642361027,3.05671033033955,3.22019592409483,2.81858702441865,2.34948876126276,1.43632428101275,2.5515271007725,-1.43689570926352,-2.22895352624681,0.770563599943422,-0.641896284822551,-0.941379429450561,-0.991774347892016,-0.968662266228108,-0.985754874808719,-0.998794414149753,-0.611859073910006,2.69139878004061,4.97389185464878,6.2611550150161,6.72465646661682,5.72676775336216,3.59330122120071,2.81118694711983,5.46500604740806,7.43612446006486,7.85133401982872,7.50435846981778,5.89936211368717,-0.384802516361858,-0.00251006296809367,-0.00296549935264422,0.0831362471041322,0.219671365305563,0.196171241035487,1.45880044734051,1.37156578357285,1.30546647680501,1.28375518313644,1.28387293533096,1.20899100067878
"humancingidm16porta1secc2somacel9",1.33999107699561,3.40705543476125,3.54600261383051,3.79507155525457,3.95605543978522,3.42247413628695,2.13802540692702,1.95365911530112,2.34507246893795,0.375818308315831,0.734229420740415,-1.7865515108036,-2.28192893746954,-0.967848611845122,-0.992242685396105,-0.991200115980408,-0.969755447456287,-0.848540642448317,-0.942591306808487,3.07950776621768,4.8124431129098,6.03699463499321,6.14073838733048,5.28700999450491,3.17465368097322,3.41142243475515,5.28278105556406,7.12135684853455,8.15614866218133,8.43966934383309,5.76261321724117,0.417860311702657,-0.0846146926213668,-0.271507679679301,-0.271434738364995,-0.389861939665616,-0.767952048485736,1.45159001683858,1.4328959796292,1.37737298431489,1.35492536508297,1.33974573781365,1.24087055537768
"humanfridm16porta1secc1somacel11",1.31052972316768,3.23833071499759,3.82002068391314,4.07249903500753,4.09491167231468,4.222388688631,2.62911281386671,2.0869479857163,0.0206253596215766,-0.927465183921389,1.79391074514191,-1.31217471250458,1.57903336599901,-0.939173050629338,-0.986480655412082,-0.993253547937368,-0.977882523075561,-0.947543476816372,-0.808992837045042,3.54920149563655,5.28440470214672,6.01331803111823,6.1039610260485,4.99456312326462,3.64477614190506,3.90996180472878,7.28614800376188,9.70649864089564,9.6764984968358,7.71869912434066,5.22719170679256,1.54428509684391,0.351368859585058,-0.0451028724599418,0.308073607378116,0.496312369500462,0.149138997814763,1.40229106986776,1.4598962767743,1.41177686907131,1.42611840143225,1.40872918919958,1.316290661594
"humanfridm16porta1secc1somacel13",2.10431403914947,3.05119564636012,4.35068255310009,3.93623272017791,4.82717896103376,4.4764625284105,3.90609822409544,-3.10560526351399,1.06918603667884,-3.0310470566941,-1.16198943883847,-2.72096376788032,0.827937406811574,-0.970040768986477,-0.703164832291772,-0.850380568244142,-0.994668115417207,-0.991836880092595,-0.677858306797386,3.12999061035465,4.53319015293612,5.16871923781061,4.87713661556034,4.34285133141529,2.82518385567468,3.6668875791009,7.62132697505084,9.8422711285551,10.544356034492,6.89988173121308,5.03163181246456,-0.22749357409991,-1.00955431789566,0.107091524404495,0.0771576002663998,0.331765856157871,1.11471375630285,1.47489426407899,1.48593733823828,1.39200789458347,1.41867018843124,1.40000133857008,1.40350365476841
"humanfridm16porta1secc1somacel25",1.92826820748209,3.02148520082591,3.27958671495107,3.5869665373305,3.8217264992609,4.08226822241105,5.06941099778157,1.67192441830158,-2.74858568280296,-1.09796701506748,1.53340102811795,0.866880443318189,-0.512923577574089,-0.979286963612295,-0.886726938731283,-0.961560687573565,-0.978800867981721,-0.66190633589275,-0.970510523442403,2.40786075443323,3.24851403725061,4.05391766022566,4.64787471698864,4.24842470920898,2.41446226319637,2.97366230584123,5.65801728092913,7.60842577259847,9.31803905422137,11.034037495809,10.0750676964738,2.85294511245325,2.59486337583816,-2.40516170903913,-2.13528668619916,-2.04014048247335,-2.48836539166279,1.38449153971487,1.49978533862703,1.47315412132932,1.38436106151409,1.40116002596972,1.30970142925669
"humanfridm16porta1secc1somacel28",1.34767056526974,3.6795679155459,4.18836192082647,5.04033066595898,4.3537364841077,4.44522574229245,3.12149112803849,-3.10844412446258,1.30802547814655,-1.3429162443264,-1.57518355694964,-2.44066968372623,1.74279755945177,-0.984143279504072,-0.895004371726063,-0.988352845304575,-0.971862717643847,-0.992644430457259,-0.928980083842663,3.00903200175045,4.56204018952303,5.7174106529548,4.86663621068865,3.88880140542408,3.07518457212705,4.54203628390383,7.47061252202988,8.46511770061069,6.3406609086523,4.81308325729583,3.29280715816884,0.442860294481857,-0.156728072453914,-0.157673110672701,-0.468632385281459,-0.56954306939286,-0.52282031821391,1.34147987846605,1.43253673354645,1.46660252582219,1.41434730041412,1.34024148513074,1.28406933948155
"humanfridm16porta1secc1somacel3",0.203283815572226,2.15249117789665,2.94877836225668,3.93009726410541,3.35757640863638,4.49179414617929,3.4473661986626,1.56004750825547,0.995910072596429,0.135069221155486,-2.53503328063257,2.93498068512705,1.31021086201771,-0.977386703968267,-0.933902561426223,-0.998952757021964,-0.975731307964392,-0.77869485392808,-0.71679028521503,3.29233511609178,5.02669335332633,5.95304467998655,5.6058005402161,3.71754036382882,2.11080787788184,3.52457366377068,7.07976326909528,9.93321339009137,10.4614157582179,9.67035379433914,5.41092891223992,-0.00417476769935011,-0.128293253640466,0.037084229538241,0.249222253628003,0.110966046933401,-0.161275438434501,0.863639828020291,1.07030990512463,1.08020781187996,1.06499814729185,0.770067708196505,0.760313538603263
"humanfridm16porta1secc1somacel36",3.33914736271872,3.84557082658311,4.5716883405809,5.04665694378187,5.26060725413195,6.50546226041362,4.38563119372149,-2.33068002489929,1.60664981368131,-2.41834941863606,1.2358114077604,0.682251456443112,-2.4794791703389,-0.976402489200904,-0.901349198794911,-0.899451405062361,-0.895357914797852,-0.845324325595974,-0.991352463271686,2.81810750727337,4.71608257218051,5.4840195135941,5.57658350922689,4.57694319526875,3.31618672860766,3.07408401035809,6.50616043620293,9.62462127776576,11.6743080554164,10.9105193868458,6.26208100749316,-2.78090567890912,3.11961352330363,-2.94265525270684,-2.45342158216526,-2.45944359814934,-2.3483555380975,1.50995282713524,1.37541428195471,1.48452747649059,1.42825881194915,1.42613274524733,1.40390516827179
"humanfridm16porta1secc1somacel38",0.949371415282899,2.27205593922002,3.05087105961085,4.31535758365662,4.14933867821204,4.25005658381265,4.38481782185366,1.964285639155,-0.371436860276504,1.25091331839252,2.96127121862284,-2.2672886914867,-0.773551534892241,-0.906712298880888,-0.952764550581975,-0.907376607050907,-0.989191650920615,-0.915187612551627,-0.853576397484709,2.99025088444787,4.73532145141222,5.33073362954846,5.31299322395598,4.27519069349201,2.33342922050212,3.73030975192522,7.32490947749111,9.93095610801173,11.3110718921764,8.86797338384119,4.56707559749952,1.61191388077686,0.611015109649864,-0.0442132075218422,-0.239491856153004,-0.00709592843074179,0.43991313352644,1.34397306293516,1.34385909878155,1.37866698551435,1.33626382436734,1.26566657242662,1.03795271253118
"humanfridm16porta1secc1somacel4",1.84017541291477,3.21374460969104,4.18186601055215,4.44411630609138,3.9536690695794,4.52255549322601,4.18585976361502,1.92405093315963,1.21244671154502,3.01373286315007,-2.18963046278978,-1.13698114024088,1.3846654811626,-0.955276220013407,-0.881705409745351,-0.99642633055913,-0.858057929294186,-0.893325441361706,-0.3562828138621,3.35287070012493,4.96249177646447,5.60723325895181,5.67724143355027,4.84310642075383,3.28808543254135,3.59726912038363,6.58982044662453,8.30102191538993,9.07889451209407,8.62954298118673,6.15689413308533,-0.439454576442065,-0.391900927243371,0.029916344082133,-0.00963087399938791,-0.00862241178422093,-0.155175505130551,1.5349462825874,1.41998104216553,1.28198306822064,1.23656467042257,1.20361636817642,1.14200851524659
"humanfridm16porta1secc1somacel41",0.0857375912563706,1.88038865181086,3.65885094907602,3.6058428959319,3.86877928272753,3.59681401909707,1.6855107170609,2.54833055080152,1.10749817918067,-2.36578786225101,0.58565292965899,2.35614834463361,0.61988856342302,-0.994205466287868,-0.924941338264424,-0.966261571523852,-0.992700897451151,-0.951797841110781,-0.953476403921611,3.74677095806187,6.47935661071053,6.99835982905706,6.21518290680891,5.66313665138346,3.79909626983416,3.75460173171826,7.21824875653277,9.09014017242359,9.94391217523184,7.29118510050082,4.73184165119846,-0.477922070029726,-1.08798436116452,-0.189303988701188,-0.174699411548614,0.00161965600624899,1.12337416482957,1.51080784885814,1.48348658252928,1.46383146941721,1.47286229692688,1.43546640574569,1.36290462538543
"humanfridm16porta1secc1somacel44",1.62653305088298,2.76062011706065,3.23491375789686,3.46878967884405,3.51569516264901,3.54471052174513,3.18292882954329,1.07378151517757,1.36931344332634,-2.05085505132026,-1.88417701902873,-2.1837896589981,2.41398235798332,-0.982473847655512,-0.872523251176374,-0.999230776474668,-0.919541497949423,-0.872903097924039,-0.998197177175809,2.59246328072648,4.04280079479249,4.76103412727093,5.46467760018966,4.13053669978384,2.11965748184694,2.90025619702087,5.09422090312708,6.50993850260094,7.23151977025873,7.40459322460067,6.91610430105221,0.0497912422955771,0.502163457261777,0.326121831136108,0.386703721854122,0.39576395836732,0.445288124057745,1.52083881550642,1.45801629184298,1.35708717321824,1.27790581222305,1.30230061655844,1.22376086660832
"humanfridm16porta1secc1somacel5",1.64848357126461,2.77112166346695,2.28340011646545,3.75999212118228,4.11232264168455,5.17534400459391,3.33126642890152,-2.41896675562481,-0.725806769874006,1.61440508817588,-0.221248593972723,1.45285182277241,-3.09975965880567,-0.994314576582849,-0.999316981181432,-0.994511003026093,-0.989020123440545,-0.825290410816619,-0.983104168195978,2.58545058969046,3.60430383645856,4.55822706105513,4.09089975871803,2.74172010907014,2.16893946038376,3.28041641583692,6.4309863683375,10.0088671401113,11.2421465008764,8.10224384805898,3.51575257830007,-1.54574008812541,-2.44845373685177,-2.56603909587339,-1.64956580398355,-1.83381647481861,-1.26295011510845,1.41135726255368,1.50142209917493,1.43997370046812,1.35530228644702,1.19505013000686,1.33740228341087
"humantempidm16porta1secc1somacel10",1.80865034543384,3.43561550358719,3.99911370769916,4.3225151081803,4.34444388438393,4.78601719908331,4.15522791530865,-3.09589381383416,1.84738485958487,-0.0766994025662632,-0.56176068710164,-0.33670833471311,-1.00199176689199,-0.92778286164987,-0.951756953349845,-0.978753004681204,-0.993409927943108,-0.910128768739364,-0.967664789221506,3.22956328804505,5.12408710220593,6.49444611217386,6.38731752685066,4.92571599839491,3.22516516797802,3.75756286968449,6.88566735296957,8.46950189399007,8.80271990098848,8.78337832912426,6.47613063705046,-0.500888799443297,-1.33777959963337,-1.34122484507611,-1.21295529024873,-1.09260690393005,-1.28041790531354,1.40557607242873,1.33240178000601,1.25456567956579,1.27114034041006,1.26526715709597,1.15895899236646
"humantempidm16porta1secc1somacel7",0.886107338678075,2.35638024149086,2.8911442711141,3.3890470116218,3.21289152511465,2.79010952247211,1.32760535116818,1.58564146969341,-1.88234911945257,-0.688494266742225,0.658119504997255,-1.4467292192475,2.49026351832815,-0.904659599897602,-0.917978089436248,-0.980665313922998,-0.985559754276259,-0.999840136745248,-0.848945651453325,2.84701721429021,4.93221780374925,6.14434424034987,6.44315802539221,5.36547399540106,3.28291120629081,3.23776878568187,5.8634896472645,7.53437690144666,7.48253823265566,6.30672745380901,4.59965537145313,1.71910853078778,0.452927286588466,0.176449995629228,0.159144508179195,0.05165008265506,-0.0135331143085547,1.36880469842793,1.36550968207154,1.38477277770802,1.39825088876039,1.36507542291183,1.23091381717233
"humantempidm16porta1secc1somacel9",1.1797012468353,2.49776904842993,3.97774320488192,4.18381384218012,4.20516469011395,3.87378259849594,1.61875358097585,1.92314116672652,1.44848032459031,-0.54967888872852,-1.5708636330178,0.0804497996261994,2.77869240970949,-0.956728432568571,-0.955607925876429,-0.996893395949181,-0.932545738585256,-0.996626960857979,-0.818847694308008,3.58130190230466,6.17412305313077,7.24014270405906,7.59824790178161,6.21617178869427,3.85912338149158,4.1817461143896,7.72344307759316,10.268443927423,9.99874875970326,7.26175203391964,5.08945014644998,2.55553353543977,-0.133133961591674,-0.256155149040285,-0.198261791733286,-0.378379375208897,-0.72783314852983,1.46632551113292,1.48283211022445,1.43130313998019,1.42758994481538,1.36608336764491,1.34864286336947
"humantempidm16porta3secc1somacel11",1.37602339688431,2.39801825506362,3.20984054784774,3.50274986377407,3.43296327216658,3.00259990983843,2.56737146778671,-2.73350753062761,1.42958454008853,0.952117124796968,-2.87311100969822,-1.68756946755971,1.04504044868049,-0.99915803982822,-0.967375503068898,-0.987115545729861,-0.983383363666812,-0.95110703969314,-0.913957578484457,2.75940189142673,4.6333747090476,5.44693913685838,5.60555525360312,5.25328299729581,2.99319701821524,3.10754968571732,5.61042970839877,7.06964182837141,7.23343101576811,5.90520106912825,4.12094548406657,0.898099373342819,0.795913632146442,0.802430964072031,1.1395490802429,1.55062987220067,1.3310627229461,1.46196992307375,1.50493039187216,1.50443251092736,1.49026182575148,1.4932957401048,1.49395723964856
"humantempidm16porta3secc1somacel12",1.83213478358216,2.33240418547846,2.52799944946488,2.91372923083162,3.54869731551301,2.99339532803187,3.80057418178377,-1.67974673094885,1.43383579398202,1.53417243965654,2.49911500465761,0.534450006104947,1.45648707171193,-0.915395166532879,-0.976131825339965,-0.953125063377676,-0.996112506117939,-0.994792487082287,-0.844494569639175,1.96149280570226,3.25952810264008,4.28068938987963,4.60437952777465,4.03539298420966,2.31079997233143,2.64435044752676,5.24158136719156,7.28620927269974,8.42161348062694,8.21987597347725,6.93817646816049,2.60964308020135,-3.12677777404434,-2.92035725213869,-2.46343295576872,-2.71722449890837,-2.27932199872032,1.5188241747337,1.37786207741275,1.35604445970081,1.39061463262453,1.45055640298649,1.42436854440057
"humantempidm16porta3secc1somacel13",2.02494708870438,2.79604403605827,3.46775615799522,3.73672886245483,3.95757163452267,3.88165347308952,3.40956775991466,1.4201227831304,1.85705646522793,-1.53772729124948,-1.65382233929751,2.63519541574809,-0.184447636947052,-0.976670243179659,-0.96158853733253,-0.969846587305385,-0.977949323631011,-0.996258429284038,-0.788824297578671,2.30440588992963,4.01050927697587,5.21125926115302,5.43839003895437,4.27329097530883,2.84005650027883,3.52711341935969,6.37948193922751,7.81401298453478,8.16175045031407,6.55978792868604,4.35339116143172,1.06668206865326,0.478774596171922,0.183891084814663,0.281149369759068,0.419045828589162,0.49082625764247,1.49848960346254,1.43290172219133,1.33335351824159,1.28267959214851,1.2414787801877,1.12732957367083
"humantempidm16porta3secc1somacel22",1.01323469576744,2.84200002565195,4.19149369404731,4.67279626284525,4.78332628432078,4.80081837490958,2.89706173996823,2.16990776094115,1.65144702068464,0.160301399914144,1.0959254168207,-0.680053550030392,-2.06240157814216,-0.97780069747834,-0.962642005330146,-0.993622831387311,-0.998590838765576,-0.996500898891904,-0.939427539408034,3.75866631990006,6.70729982532239,7.83682072000447,6.43616470570966,4.88574744789513,3.42797126380623,4.28745135105566,8.24939678494338,10.1626387678542,9.66403417460898,7.19564134066985,4.42241022677718,-2.37727169652933,-1.09148544713104,-0.46251867647537,0.288000812366656,2.15856772824315,1.6061283375085,1.45395781294984,1.46342145134601,1.43887308726465,1.50563212091817,1.51242037817486,1.41328623741942
"humantempidm16porta3secc1somacel25",1.82579907281699,2.81656550697742,3.66419623850094,4.10309574289849,3.93844982194909,4.09232999847195,2.17629010554439,1.24517819202041,1.51997234599345,-0.2027109632437,-2.35396707855507,-2.38055505591666,1.00420462762122,-0.996288372407178,-0.952812526977791,-0.985644965838024,-0.921052142718711,-0.887533334133895,-0.793617565748413,3.19237891927354,5.59869919096213,6.62596179582998,6.89911361050201,5.33759673024117,3.48045891820326,3.55544817402386,6.6775340643539,8.79238302381072,9.38599333529002,9.27870891394794,5.66024754398952,-2.43944015940937,-0.20092885673013,0.218902976716508,0.356729782256725,0.492703248251996,0.246091811515165,1.54758033309535,1.54136033226829,1.4576992591087,1.43560010140766,1.42166352990409,1.28250103557797
